"","date","region","country","cases","cases_7day_mean"
"1","2020-01-01","Northern Africa","Morocco",0,NA
"2","2020-01-02","Northern Africa","Morocco",0,NA
"3","2020-01-03","Northern Africa","Morocco",0,NA
"4","2020-01-04","Northern Africa","Morocco",0,0
"5","2020-01-05","Northern Africa","Morocco",0,0
"6","2020-01-06","Northern Africa","Morocco",0,0
"7","2020-01-07","Northern Africa","Morocco",0,0
"8","2020-01-08","Northern Africa","Morocco",0,0
"9","2020-01-09","Northern Africa","Morocco",0,0
"10","2020-01-10","Northern Africa","Morocco",0,0
"11","2020-01-11","Northern Africa","Morocco",0,0
"12","2020-01-12","Northern Africa","Morocco",0,0
"13","2020-01-13","Northern Africa","Morocco",0,0
"14","2020-01-14","Northern Africa","Morocco",0,0
"15","2020-01-15","Northern Africa","Morocco",0,0
"16","2020-01-16","Northern Africa","Morocco",0,0
"17","2020-01-17","Northern Africa","Morocco",0,0
"18","2020-01-18","Northern Africa","Morocco",0,0
"19","2020-01-19","Northern Africa","Morocco",0,0
"20","2020-01-20","Northern Africa","Morocco",0,0
"21","2020-01-21","Northern Africa","Morocco",0,0
"22","2020-01-22","Northern Africa","Morocco",0,0
"23","2020-01-23","Northern Africa","Morocco",0,0
"24","2020-01-24","Northern Africa","Morocco",0,0
"25","2020-01-25","Northern Africa","Morocco",0,0
"26","2020-01-26","Northern Africa","Morocco",0,0
"27","2020-01-27","Northern Africa","Morocco",0,0
"28","2020-01-28","Northern Africa","Morocco",0,0
"29","2020-01-29","Northern Africa","Morocco",0,0
"30","2020-01-30","Northern Africa","Morocco",0,0
"31","2020-01-31","Northern Africa","Morocco",0,0
"32","2020-02-01","Northern Africa","Morocco",0,0
"33","2020-02-02","Northern Africa","Morocco",0,0
"34","2020-02-03","Northern Africa","Morocco",0,0
"35","2020-02-04","Northern Africa","Morocco",0,0
"36","2020-02-05","Northern Africa","Morocco",0,0
"37","2020-02-06","Northern Africa","Morocco",0,0
"38","2020-02-07","Northern Africa","Morocco",0,0
"39","2020-02-08","Northern Africa","Morocco",0,0
"40","2020-02-09","Northern Africa","Morocco",0,0
"41","2020-02-10","Northern Africa","Morocco",0,0
"42","2020-02-11","Northern Africa","Morocco",0,0
"43","2020-02-12","Northern Africa","Morocco",0,0
"44","2020-02-13","Northern Africa","Morocco",0,0
"45","2020-02-14","Northern Africa","Morocco",0,0
"46","2020-02-15","Northern Africa","Morocco",0,0
"47","2020-02-16","Northern Africa","Morocco",0,0
"48","2020-02-17","Northern Africa","Morocco",0,0
"49","2020-02-18","Northern Africa","Morocco",0,0
"50","2020-02-19","Northern Africa","Morocco",0,0
"51","2020-02-20","Northern Africa","Morocco",0,0
"52","2020-02-21","Northern Africa","Morocco",0,0
"53","2020-02-22","Northern Africa","Morocco",0,0
"54","2020-02-23","Northern Africa","Morocco",0,0
"55","2020-02-24","Northern Africa","Morocco",0,0
"56","2020-02-25","Northern Africa","Morocco",0,0
"57","2020-02-26","Northern Africa","Morocco",0,0
"58","2020-02-27","Northern Africa","Morocco",0,0
"59","2020-02-28","Northern Africa","Morocco",0,0.142857142857143
"60","2020-02-29","Northern Africa","Morocco",0,0.142857142857143
"61","2020-03-01","Northern Africa","Morocco",0,0.285714285714286
"62","2020-03-02","Northern Africa","Morocco",1,0.285714285714286
"63","2020-03-03","Northern Africa","Morocco",0,0.285714285714286
"64","2020-03-04","Northern Africa","Morocco",1,0.285714285714286
"65","2020-03-05","Northern Africa","Morocco",0,0.285714285714286
"66","2020-03-06","Northern Africa","Morocco",0,0.142857142857143
"67","2020-03-07","Northern Africa","Morocco",0,0.285714285714286
"68","2020-03-08","Northern Africa","Morocco",0,0.571428571428571
"69","2020-03-09","Northern Africa","Morocco",0,0.571428571428571
"70","2020-03-10","Northern Africa","Morocco",1,0.714285714285714
"71","2020-03-11","Northern Africa","Morocco",3,2.14285714285714
"72","2020-03-12","Northern Africa","Morocco",0,3.71428571428571
"73","2020-03-13","Northern Africa","Morocco",1,5
"74","2020-03-14","Northern Africa","Morocco",10,5.85714285714286
"75","2020-03-15","Northern Africa","Morocco",11,6.85714285714286
"76","2020-03-16","Northern Africa","Morocco",9,8.14285714285714
"77","2020-03-17","Northern Africa","Morocco",7,10.2857142857143
"78","2020-03-18","Northern Africa","Morocco",10,11.2857142857143
"79","2020-03-19","Northern Africa","Morocco",9,12.4285714285714
"80","2020-03-20","Northern Africa","Morocco",16,15.1428571428571
"81","2020-03-21","Northern Africa","Morocco",17,18
"82","2020-03-22","Northern Africa","Morocco",19,24.4285714285714
"83","2020-03-23","Northern Africa","Morocco",28,30.2857142857143
"84","2020-03-24","Northern Africa","Morocco",27,38
"85","2020-03-25","Northern Africa","Morocco",55,43.7142857142857
"86","2020-03-26","Northern Africa","Morocco",50,52
"87","2020-03-27","Northern Africa","Morocco",70,59
"88","2020-03-28","Northern Africa","Morocco",57,61.7142857142857
"89","2020-03-29","Northern Africa","Morocco",77,61.2857142857143
"90","2020-03-30","Northern Africa","Morocco",77,61.8571428571429
"91","2020-03-31","Northern Africa","Morocco",46,59.4285714285714
"92","2020-04-01","Northern Africa","Morocco",52,68.7142857142857
"93","2020-04-02","Northern Africa","Morocco",54,77.4285714285714
"94","2020-04-03","Northern Africa","Morocco",53,80.5714285714286
"95","2020-04-04","Northern Africa","Morocco",122,77
"96","2020-04-05","Northern Africa","Morocco",138,84
"97","2020-04-06","Northern Africa","Morocco",99,95.1428571428571
"98","2020-04-07","Northern Africa","Morocco",21,98.1428571428571
"99","2020-04-08","Northern Africa","Morocco",101,94.5714285714286
"100","2020-04-09","Northern Africa","Morocco",132,91.4285714285714
"101","2020-04-10","Northern Africa","Morocco",74,89.4285714285714
"102","2020-04-11","Northern Africa","Morocco",97,99.5714285714286
"103","2020-04-12","Northern Africa","Morocco",116,106.571428571429
"104","2020-04-13","Northern Africa","Morocco",85,129.857142857143
"105","2020-04-14","Northern Africa","Morocco",92,159.428571428571
"106","2020-04-15","Northern Africa","Morocco",150,162.857142857143
"107","2020-04-16","Northern Africa","Morocco",295,170.571428571429
"108","2020-04-17","Northern Africa","Morocco",281,185.714285714286
"109","2020-04-18","Northern Africa","Morocco",121,195.857142857143
"110","2020-04-19","Northern Africa","Morocco",170,208.285714285714
"111","2020-04-20","Northern Africa","Morocco",191,183.571428571429
"112","2020-04-21","Northern Africa","Morocco",163,170.571428571429
"113","2020-04-22","Northern Africa","Morocco",237,172
"114","2020-04-23","Northern Africa","Morocco",122,170.285714285714
"115","2020-04-24","Northern Africa","Morocco",190,152.714285714286
"116","2020-04-25","Northern Africa","Morocco",131,148.142857142857
"117","2020-04-26","Northern Africa","Morocco",158,120.428571428571
"118","2020-04-27","Northern Africa","Morocco",68,113
"119","2020-04-28","Northern Africa","Morocco",131,115.857142857143
"120","2020-04-29","Northern Africa","Morocco",43,97.1428571428571
"121","2020-04-30","Northern Africa","Morocco",70,119
"122","2020-05-01","Northern Africa","Morocco",210,134
"123","2020-05-02","Northern Africa","Morocco",0,139
"124","2020-05-03","Northern Africa","Morocco",311,156.142857142857
"125","2020-05-04","Northern Africa","Morocco",173,169.857142857143
"126","2020-05-05","Northern Africa","Morocco",166,163.142857142857
"127","2020-05-06","Northern Africa","Morocco",163,191.571428571429
"128","2020-05-07","Northern Africa","Morocco",166,192.285714285714
"129","2020-05-08","Northern Africa","Morocco",163,175.428571428571
"130","2020-05-09","Northern Africa","Morocco",199,171.285714285714
"131","2020-05-10","Northern Africa","Morocco",316,154.857142857143
"132","2020-05-11","Northern Africa","Morocco",55,144.714285714286
"133","2020-05-12","Northern Africa","Morocco",137,127.857142857143
"134","2020-05-13","Northern Africa","Morocco",48,103.571428571429
"135","2020-05-14","Northern Africa","Morocco",95,73.5714285714286
"136","2020-05-15","Northern Africa","Morocco",45,95.8571428571429
"137","2020-05-16","Northern Africa","Morocco",29,79.1428571428571
"138","2020-05-17","Northern Africa","Morocco",106,95.2857142857143
"139","2020-05-18","Northern Africa","Morocco",211,92.8571428571429
"140","2020-05-19","Northern Africa","Morocco",20,109.857142857143
"141","2020-05-20","Northern Africa","Morocco",161,114
"142","2020-05-21","Northern Africa","Morocco",78,102.714285714286
"143","2020-05-22","Northern Africa","Morocco",164,82.8571428571429
"144","2020-05-23","Northern Africa","Morocco",58,86.4285714285714
"145","2020-05-24","Northern Africa","Morocco",27,66.8571428571429
"146","2020-05-25","Northern Africa","Morocco",72,60.7142857142857
"147","2020-05-26","Northern Africa","Morocco",45,45
"148","2020-05-27","Northern Africa","Morocco",24,39.1428571428571
"149","2020-05-28","Northern Africa","Morocco",35,37
"150","2020-05-29","Northern Africa","Morocco",54,30.4285714285714
"151","2020-05-30","Northern Africa","Morocco",17,28.7142857142857
"152","2020-05-31","Northern Africa","Morocco",12,31.7142857142857
"153","2020-06-01","Northern Africa","Morocco",26,30.5714285714286
"154","2020-06-02","Northern Africa","Morocco",33,31.5714285714286
"155","2020-06-03","Northern Africa","Morocco",45,32.8571428571429
"156","2020-06-04","Northern Africa","Morocco",27,34.8571428571429
"157","2020-06-05","Northern Africa","Morocco",61,46.2857142857143
"158","2020-06-06","Northern Africa","Morocco",26,44.1428571428571
"159","2020-06-07","Northern Africa","Morocco",26,41.2857142857143
"160","2020-06-08","Northern Africa","Morocco",106,43.7142857142857
"161","2020-06-09","Northern Africa","Morocco",18,45.4285714285714
"162","2020-06-10","Northern Africa","Morocco",25,48.7142857142857
"163","2020-06-11","Northern Africa","Morocco",44,51.4285714285714
"164","2020-06-12","Northern Africa","Morocco",73,41.4285714285714
"165","2020-06-13","Northern Africa","Morocco",49,46.5714285714286
"166","2020-06-14","Northern Africa","Morocco",45,49.8571428571429
"167","2020-06-15","Northern Africa","Morocco",36,73
"168","2020-06-16","Northern Africa","Morocco",54,89.4285714285714
"169","2020-06-17","Northern Africa","Morocco",48,99.2857142857143
"170","2020-06-18","Northern Africa","Morocco",206,107.428571428571
"171","2020-06-19","Northern Africa","Morocco",188,115.428571428571
"172","2020-06-20","Northern Africa","Morocco",118,188.142857142857
"173","2020-06-21","Northern Africa","Morocco",102,242.857142857143
"174","2020-06-22","Northern Africa","Morocco",92,231.571428571429
"175","2020-06-23","Northern Africa","Morocco",563,236.285714285714
"176","2020-06-24","Northern Africa","Morocco",431,430.428571428571
"177","2020-06-25","Northern Africa","Morocco",127,453.285714285714
"178","2020-06-26","Northern Africa","Morocco",221,459.714285714286
"179","2020-06-27","Northern Africa","Morocco",1477,446.285714285714
"180","2020-06-28","Northern Africa","Morocco",262,401.142857142857
"181","2020-06-29","Northern Africa","Morocco",137,428.571428571429
"182","2020-06-30","Northern Africa","Morocco",469,473.285714285714
"183","2020-07-01","Northern Africa","Morocco",115,318.428571428571
"184","2020-07-02","Northern Africa","Morocco",319,297.285714285714
"185","2020-07-03","Northern Africa","Morocco",534,311.428571428571
"186","2020-07-04","Northern Africa","Morocco",393,268
"187","2020-07-05","Northern Africa","Morocco",114,257.428571428571
"188","2020-07-06","Northern Africa","Morocco",236,261.714285714286
"189","2020-07-07","Northern Africa","Morocco",165,234.571428571429
"190","2020-07-08","Northern Africa","Morocco",41,202.857142857143
"191","2020-07-09","Northern Africa","Morocco",349,213.142857142857
"192","2020-07-10","Northern Africa","Morocco",344,195.857142857143
"193","2020-07-11","Northern Africa","Morocco",171,195.285714285714
"194","2020-07-12","Northern Africa","Morocco",186,236.142857142857
"195","2020-07-13","Northern Africa","Morocco",115,203.571428571429
"196","2020-07-14","Northern Africa","Morocco",161,180.285714285714
"197","2020-07-15","Northern Africa","Morocco",327,197.142857142857
"198","2020-07-16","Northern Africa","Morocco",121,202.142857142857
"199","2020-07-17","Northern Africa","Morocco",181,232.285714285714
"200","2020-07-18","Northern Africa","Morocco",289,266.428571428571
"201","2020-07-19","Northern Africa","Morocco",221,262.857142857143
"202","2020-07-20","Northern Africa","Morocco",326,327
"203","2020-07-21","Northern Africa","Morocco",400,417
"204","2020-07-22","Northern Africa","Morocco",302,466.142857142857
"205","2020-07-23","Northern Africa","Morocco",570,521.571428571429
"206","2020-07-24","Northern Africa","Morocco",811,546.428571428571
"207","2020-07-25","Northern Africa","Morocco",633,607.285714285714
"208","2020-07-26","Northern Africa","Morocco",609,713.571428571429
"209","2020-07-27","Northern Africa","Morocco",500,784
"210","2020-07-28","Northern Africa","Morocco",826,767.142857142857
"211","2020-07-29","Northern Africa","Morocco",1046,751.285714285714
"212","2020-07-30","Northern Africa","Morocco",1063,758.428571428571
"213","2020-07-31","Northern Africa","Morocco",693,796.714285714286
"214","2020-08-01","Northern Africa","Morocco",522,788.428571428571
"215","2020-08-02","Northern Africa","Morocco",659,748.714285714286
"216","2020-08-03","Northern Africa","Morocco",768,760.285714285714
"217","2020-08-04","Northern Africa","Morocco",768,806.714285714286
"218","2020-08-05","Northern Africa","Morocco",768,924.285714285714
"219","2020-08-06","Northern Africa","Morocco",1144,1005.85714285714
"220","2020-08-07","Northern Africa","Morocco",1018,1014.71428571429
"221","2020-08-08","Northern Africa","Morocco",1345,1092.57142857143
"222","2020-08-09","Northern Africa","Morocco",1230,1170.57142857143
"223","2020-08-10","Northern Africa","Morocco",830,1184.42857142857
"224","2020-08-11","Northern Africa","Morocco",1313,1225.57142857143
"225","2020-08-12","Northern Africa","Morocco",1314,1287.14285714286
"226","2020-08-13","Northern Africa","Morocco",1241,1321.71428571429
"227","2020-08-14","Northern Africa","Morocco",1306,1355.85714285714
"228","2020-08-15","Northern Africa","Morocco",1776,1346.14285714286
"229","2020-08-16","Northern Africa","Morocco",1472,1374.14285714286
"230","2020-08-17","Northern Africa","Morocco",1069,1411.14285714286
"231","2020-08-18","Northern Africa","Morocco",1245,1438.71428571429
"232","2020-08-19","Northern Africa","Morocco",1510,1399.28571428571
"233","2020-08-20","Northern Africa","Morocco",1500,1408.57142857143
"234","2020-08-21","Northern Africa","Morocco",1499,1384.85714285714
"235","2020-08-22","Northern Africa","Morocco",1500,1389.28571428571
"236","2020-08-23","Northern Africa","Morocco",1537,1364.42857142857
"237","2020-08-24","Northern Africa","Morocco",903,1324.57142857143
"238","2020-08-25","Northern Africa","Morocco",1276,1311
"239","2020-08-26","Northern Africa","Morocco",1336,1320.57142857143
"240","2020-08-27","Northern Africa","Morocco",1221,1292.85714285714
"241","2020-08-28","Northern Africa","Morocco",1404,1334
"242","2020-08-29","Northern Africa","Morocco",1567,1321.85714285714
"243","2020-08-30","Northern Africa","Morocco",1343,1369.85714285714
"244","2020-08-31","Northern Africa","Morocco",1191,1395.71428571429
"245","2020-09-01","Northern Africa","Morocco",1191,1445.14285714286
"246","2020-09-02","Northern Africa","Morocco",1672,1443.42857142857
"247","2020-09-03","Northern Africa","Morocco",1402,1570.71428571429
"248","2020-09-04","Northern Africa","Morocco",1750,1598.57142857143
"249","2020-09-05","Northern Africa","Morocco",1555,1705.71428571429
"250","2020-09-06","Northern Africa","Morocco",2234,1775
"251","2020-09-07","Northern Africa","Morocco",1386,1844.57142857143
"252","2020-09-08","Northern Africa","Morocco",1941,1941.71428571429
"253","2020-09-09","Northern Africa","Morocco",2157,2039.28571428571
"254","2020-09-10","Northern Africa","Morocco",1889,2041.71428571429
"255","2020-09-11","Northern Africa","Morocco",2430,2060.42857142857
"256","2020-09-12","Northern Africa","Morocco",2238,2086.14285714286
"257","2020-09-13","Northern Africa","Morocco",2251,2019.71428571429
"258","2020-09-14","Northern Africa","Morocco",1517,2105.28571428571
"259","2020-09-15","Northern Africa","Morocco",2121,2152.42857142857
"260","2020-09-16","Northern Africa","Morocco",1692,2197.28571428571
"261","2020-09-17","Northern Africa","Morocco",2488,2151
"262","2020-09-18","Northern Africa","Morocco",2760,2130.85714285714
"263","2020-09-19","Northern Africa","Morocco",2552,2146
"264","2020-09-20","Northern Africa","Morocco",1927,2246.71428571429
"265","2020-09-21","Northern Africa","Morocco",1376,2227.85714285714
"266","2020-09-22","Northern Africa","Morocco",2227,2179.71428571429
"267","2020-09-23","Northern Africa","Morocco",2397,2203.57142857143
"268","2020-09-24","Northern Africa","Morocco",2356,2277.42857142857
"269","2020-09-25","Northern Africa","Morocco",2423,2284
"270","2020-09-26","Northern Africa","Morocco",2719,2262.42857142857
"271","2020-09-27","Northern Africa","Morocco",2444,2272.85714285714
"272","2020-09-28","Northern Africa","Morocco",1422,2277.85714285714
"273","2020-09-29","Northern Africa","Morocco",2076,2291.85714285714
"274","2020-09-30","Northern Africa","Morocco",2470,2283.85714285714
"275","2020-10-01","Northern Africa","Morocco",2391,2226.71428571429
"276","2020-10-02","Northern Africa","Morocco",2521,2226.85714285714
"277","2020-10-03","Northern Africa","Morocco",2663,2295
"278","2020-10-04","Northern Africa","Morocco",2044,2338.71428571429
"279","2020-10-05","Northern Africa","Morocco",1423,2415.57142857143
"280","2020-10-06","Northern Africa","Morocco",2553,2547.57142857143
"281","2020-10-07","Northern Africa","Morocco",2776,2659
"282","2020-10-08","Northern Africa","Morocco",2929,2733.14285714286
"283","2020-10-09","Northern Africa","Morocco",3445,2723.71428571429
"284","2020-10-10","Northern Africa","Morocco",3443,2814
"285","2020-10-11","Northern Africa","Morocco",2563,2901.28571428571
"286","2020-10-12","Northern Africa","Morocco",1357,2956.71428571429
"287","2020-10-13","Northern Africa","Morocco",3185,2964.28571428571
"288","2020-10-14","Northern Africa","Morocco",3387,3010
"289","2020-10-15","Northern Africa","Morocco",3317,3032.57142857143
"290","2020-10-16","Northern Africa","Morocco",3498,3141.14285714286
"291","2020-10-17","Northern Africa","Morocco",3763,3151
"292","2020-10-18","Northern Africa","Morocco",2721,3178.14285714286
"293","2020-10-19","Northern Africa","Morocco",2117,3297.28571428571
"294","2020-10-20","Northern Africa","Morocco",3254,3324
"295","2020-10-21","Northern Africa","Morocco",3577,3364.28571428571
"296","2020-10-22","Northern Africa","Morocco",4151,3407
"297","2020-10-23","Northern Africa","Morocco",3685,3428
"298","2020-10-24","Northern Africa","Morocco",4045,3532.85714285714
"299","2020-10-25","Northern Africa","Morocco",3020,3591.14285714286
"300","2020-10-26","Northern Africa","Morocco",2264,3615.28571428571
"301","2020-10-27","Northern Africa","Morocco",3988,3554
"302","2020-10-28","Northern Africa","Morocco",3985,3517.57142857143
"303","2020-10-29","Northern Africa","Morocco",4320,3580.42857142857
"304","2020-10-30","Northern Africa","Morocco",3256,3617.85714285714
"305","2020-10-31","Northern Africa","Morocco",3790,3690.28571428571
"306","2020-11-01","Northern Africa","Morocco",3460,3941.71428571429
"307","2020-11-02","Northern Africa","Morocco",2526,4130.42857142857
"308","2020-11-03","Northern Africa","Morocco",4495,4436.42857142857
"309","2020-11-04","Northern Africa","Morocco",5745,4728.71428571429
"310","2020-11-05","Northern Africa","Morocco",5641,4891
"311","2020-11-06","Northern Africa","Morocco",5398,4983
"312","2020-11-07","Northern Africa","Morocco",5836,5085.71428571429
"313","2020-11-08","Northern Africa","Morocco",4596,5045.14285714286
"314","2020-11-09","Northern Africa","Morocco",3170,5124.28571428571
"315","2020-11-10","Northern Africa","Morocco",5214,5141
"316","2020-11-11","Northern Africa","Morocco",5461,5146.57142857143
"317","2020-11-12","Northern Africa","Morocco",6195,5199.42857142857
"318","2020-11-13","Northern Africa","Morocco",5515,5176.85714285714
"319","2020-11-14","Northern Africa","Morocco",5875,5205.57142857143
"320","2020-11-15","Northern Africa","Morocco",4966,5195.57142857143
"321","2020-11-16","Northern Africa","Morocco",3012,4961.85714285714
"322","2020-11-17","Northern Africa","Morocco",5415,4846.28571428571
"323","2020-11-18","Northern Africa","Morocco",5391,4678.71428571429
"324","2020-11-19","Northern Africa","Morocco",4559,4537.71428571429
"325","2020-11-20","Northern Africa","Morocco",4706,4477
"326","2020-11-21","Northern Africa","Morocco",4702,4274.71428571429
"327","2020-11-22","Northern Africa","Morocco",3979,4215.85714285714
"328","2020-11-23","Northern Africa","Morocco",2587,4161.42857142857
"329","2020-11-24","Northern Africa","Morocco",3999,4145.14285714286
"330","2020-11-25","Northern Africa","Morocco",4979,4103.71428571429
"331","2020-11-26","Northern Africa","Morocco",4178,4123.14285714286
"332","2020-11-27","Northern Africa","Morocco",4592,4115.42857142857
"333","2020-11-28","Northern Africa","Morocco",4412,4045.28571428571
"334","2020-11-29","Northern Africa","Morocco",4115,3954.85714285714
"335","2020-11-30","Northern Africa","Morocco",2533,3991.42857142857
"336","2020-12-01","Northern Africa","Morocco",3508,3906.28571428571
"337","2020-12-02","Northern Africa","Morocco",4346,3864.28571428571
"338","2020-12-03","Northern Africa","Morocco",4434,3693.42857142857
"339","2020-12-04","Northern Africa","Morocco",3996,3550.28571428571
"340","2020-12-05","Northern Africa","Morocco",4118,3463.42857142857
"341","2020-12-06","Northern Africa","Morocco",2919,3427.71428571429
"342","2020-12-07","Northern Africa","Morocco",1531,3272.14285714286
"343","2020-12-08","Northern Africa","Morocco",2900,3134.85714285714
"344","2020-12-09","Northern Africa","Morocco",4096,2979.85714285714
"345","2020-12-10","Northern Africa","Morocco",3345,2850.28571428571
"346","2020-12-11","Northern Africa","Morocco",3035,2805.42857142857
"347","2020-12-12","Northern Africa","Morocco",3033,2790.14285714286
"348","2020-12-13","Northern Africa","Morocco",2012,2683.71428571429
"349","2020-12-14","Northern Africa","Morocco",1217,2602.42857142857
"350","2020-12-15","Northern Africa","Morocco",2793,2547
"351","2020-12-16","Northern Africa","Morocco",3351,2518.42857142857
"352","2020-12-17","Northern Africa","Morocco",2776,2502.28571428571
"353","2020-12-18","Northern Africa","Morocco",2647,2453.71428571429
"354","2020-12-19","Northern Africa","Morocco",2833,2432.71428571429
"355","2020-12-20","Northern Africa","Morocco",1899,2320.57142857143
"356","2020-12-21","Northern Africa","Morocco",877,2302.57142857143
"357","2020-12-22","Northern Africa","Morocco",2646,2257.14285714286
"358","2020-12-23","Northern Africa","Morocco",2566,2190.85714285714
"359","2020-12-24","Northern Africa","Morocco",2650,2136.28571428571
"360","2020-12-25","Northern Africa","Morocco",2329,2146.71428571429
"361","2020-12-26","Northern Africa","Morocco",2369,2077.28571428571
"362","2020-12-27","Northern Africa","Morocco",1517,2016.85714285714
"363","2020-12-28","Northern Africa","Morocco",950,1904.14285714286
"364","2020-12-29","Northern Africa","Morocco",2160,1825.28571428571
"365","2020-12-30","Northern Africa","Morocco",2143,1654.14285714286
"366","2020-12-31","Northern Africa","Morocco",1861,1581
"367","2021-01-01","Northern Africa","Morocco",1777,1539
"368","2021-01-02","Northern Africa","Morocco",1171,1464.28571428571
"369","2021-01-03","Northern Africa","Morocco",1005,1392.71428571429
"370","2021-01-04","Northern Africa","Morocco",656,1355
"371","2021-01-05","Northern Africa","Morocco",1637,1321.57142857143
"372","2021-01-06","Northern Africa","Morocco",1642,1356.57142857143
"373","2021-01-07","Northern Africa","Morocco",1597,1340.85714285714
"374","2021-01-08","Northern Africa","Morocco",1543,1312.28571428571
"375","2021-01-09","Northern Africa","Morocco",1416,1192.85714285714
"376","2021-01-10","Northern Africa","Morocco",895,1139.14285714286
"377","2021-01-11","Northern Africa","Morocco",456,1093.71428571429
"378","2021-01-12","Northern Africa","Morocco",801,1057.71428571429
"379","2021-01-13","Northern Africa","Morocco",1266,1032.57142857143
"380","2021-01-14","Northern Africa","Morocco",1279,1019.85714285714
"381","2021-01-15","Northern Africa","Morocco",1291,1022.28571428571
"382","2021-01-16","Northern Africa","Morocco",1240,1085.85714285714
"383","2021-01-17","Northern Africa","Morocco",806,1069.57142857143
"384","2021-01-18","Northern Africa","Morocco",473,1053.14285714286
"385","2021-01-19","Northern Africa","Morocco",1246,1031.28571428571
"386","2021-01-20","Northern Africa","Morocco",1152,986.285714285714
"387","2021-01-21","Northern Africa","Morocco",1164,945.428571428571
"388","2021-01-22","Northern Africa","Morocco",1138,926
"389","2021-01-23","Northern Africa","Morocco",925,871.857142857143
"390","2021-01-24","Northern Africa","Morocco",520,834.428571428571
"391","2021-01-25","Northern Africa","Morocco",337,776.142857142857
"392","2021-01-26","Northern Africa","Morocco",867,735.142857142857
"393","2021-01-27","Northern Africa","Morocco",890,703.142857142857
"394","2021-01-28","Northern Africa","Morocco",756,695.428571428571
"395","2021-01-29","Northern Africa","Morocco",851,687.428571428571
"396","2021-01-30","Northern Africa","Morocco",701,682.857142857143
"397","2021-01-31","Northern Africa","Morocco",466,666.285714285714
"398","2021-02-01","Northern Africa","Morocco",281,646.857142857143
"399","2021-02-02","Northern Africa","Morocco",835,627
"400","2021-02-03","Northern Africa","Morocco",774,610.714285714286
"401","2021-02-04","Northern Africa","Morocco",620,599.714285714286
"402","2021-02-05","Northern Africa","Morocco",712,593
"403","2021-02-06","Northern Africa","Morocco",587,550.285714285714
"404","2021-02-07","Northern Africa","Morocco",389,520.285714285714
"405","2021-02-08","Northern Africa","Morocco",234,499
"406","2021-02-09","Northern Africa","Morocco",536,468.142857142857
"407","2021-02-10","Northern Africa","Morocco",564,452.714285714286
"408","2021-02-11","Northern Africa","Morocco",471,445.571428571429
"409","2021-02-12","Northern Africa","Morocco",496,429.428571428571
"410","2021-02-13","Northern Africa","Morocco",479,420.857142857143
"411","2021-02-14","Northern Africa","Morocco",339,412.857142857143
"412","2021-02-15","Northern Africa","Morocco",121,413.714285714286
"413","2021-02-16","Northern Africa","Morocco",476,406.857142857143
"414","2021-02-17","Northern Africa","Morocco",508,401.857142857143
"415","2021-02-18","Northern Africa","Morocco",477,383
"416","2021-02-19","Northern Africa","Morocco",448,381.142857142857
"417","2021-02-20","Northern Africa","Morocco",444,376.857142857143
"418","2021-02-21","Northern Africa","Morocco",207,364.142857142857
"419","2021-02-22","Northern Africa","Morocco",108,351.142857142857
"420","2021-02-23","Northern Africa","Morocco",446,355.714285714286
"421","2021-02-24","Northern Africa","Morocco",419,351.714285714286
"422","2021-02-25","Northern Africa","Morocco",386,357
"423","2021-02-26","Northern Africa","Morocco",480,357.571428571429
"424","2021-02-27","Northern Africa","Morocco",416,350
"425","2021-02-28","Northern Africa","Morocco",244,375
"426","2021-03-01","Northern Africa","Morocco",112,376.142857142857
"427","2021-03-02","Northern Africa","Morocco",393,367.571428571429
"428","2021-03-03","Northern Africa","Morocco",594,366.285714285714
"429","2021-03-04","Northern Africa","Morocco",394,367
"430","2021-03-05","Northern Africa","Morocco",420,365.571428571429
"431","2021-03-06","Northern Africa","Morocco",407,382
"432","2021-03-07","Northern Africa","Morocco",249,361.857142857143
"433","2021-03-08","Northern Africa","Morocco",102,371.857142857143
"434","2021-03-09","Northern Africa","Morocco",508,373.428571428571
"435","2021-03-10","Northern Africa","Morocco",453,379.714285714286
"436","2021-03-11","Northern Africa","Morocco",464,387.714285714286
"437","2021-03-12","Northern Africa","Morocco",431,395.857142857143
"438","2021-03-13","Northern Africa","Morocco",451,398.428571428571
"439","2021-03-14","Northern Africa","Morocco",305,400.285714285714
"440","2021-03-15","Northern Africa","Morocco",159,403.571428571429
"441","2021-03-16","Northern Africa","Morocco",526,405.428571428571
"442","2021-03-17","Northern Africa","Morocco",466,404.428571428571
"443","2021-03-18","Northern Africa","Morocco",487,396
"444","2021-03-19","Northern Africa","Morocco",444,391.142857142857
"445","2021-03-20","Northern Africa","Morocco",444,397.285714285714
"446","2021-03-21","Northern Africa","Morocco",246,393.428571428571
"447","2021-03-22","Northern Africa","Morocco",125,396.857142857143
"448","2021-03-23","Northern Africa","Morocco",569,406.857142857143
"449","2021-03-24","Northern Africa","Morocco",439,343.428571428571
"450","2021-03-25","Northern Africa","Morocco",511,421.428571428571
"451","2021-03-26","Northern Africa","Morocco",514,417.428571428571
"452","2021-03-27","Northern Africa","Morocco",0,431.142857142857
"453","2021-03-28","Northern Africa","Morocco",792,465
"454","2021-03-29","Northern Africa","Morocco",97,392
"455","2021-03-30","Northern Africa","Morocco",665,484.285714285714
"456","2021-03-31","Northern Africa","Morocco",676,566.428571428571
"457","2021-04-01","Northern Africa","Morocco",0,505.428571428571
"458","2021-04-02","Northern Africa","Morocco",1160,510.428571428571
"459","2021-04-03","Northern Africa","Morocco",575,514.857142857143
"460","2021-04-04","Northern Africa","Morocco",365,513
"461","2021-04-05","Northern Africa","Morocco",132,603.714285714286
"462","2021-04-06","Northern Africa","Morocco",696,527.285714285714
"463","2021-04-07","Northern Africa","Morocco",663,550.857142857143
"464","2021-04-08","Northern Africa","Morocco",635,557.857142857143
"465","2021-04-09","Northern Africa","Morocco",625,564
"466","2021-04-10","Northern Africa","Morocco",740,562.285714285714
"467","2021-04-11","Northern Africa","Morocco",414,568
"468","2021-04-12","Northern Africa","Morocco",175,562.428571428571
"469","2021-04-13","Northern Africa","Morocco",684,557
"470","2021-04-14","Northern Africa","Morocco",703,537
"471","2021-04-15","Northern Africa","Morocco",596,529.857142857143
"472","2021-04-16","Northern Africa","Morocco",587,524.571428571429
"473","2021-04-17","Northern Africa","Morocco",600,529.714285714286
"474","2021-04-18","Northern Africa","Morocco",364,524.857142857143
"475","2021-04-19","Northern Africa","Morocco",138,525.428571428571
"476","2021-04-20","Northern Africa","Morocco",720,526.142857142857
"477","2021-04-21","Northern Africa","Morocco",669,512.857142857143
"478","2021-04-22","Northern Africa","Morocco",600,507.428571428571
"479","2021-04-23","Northern Africa","Morocco",592,502.285714285714
"480","2021-04-24","Northern Africa","Morocco",507,471.857142857143
"481","2021-04-25","Northern Africa","Morocco",326,446.714285714286
"482","2021-04-26","Northern Africa","Morocco",102,421.142857142857
"483","2021-04-27","Northern Africa","Morocco",507,388.428571428571
"484","2021-04-28","Northern Africa","Morocco",493,360.714285714286
"485","2021-04-29","Northern Africa","Morocco",421,356.142857142857
"486","2021-04-30","Northern Africa","Morocco",363,NA
"487","2021-05-01","Northern Africa","Morocco",313,NA
"488","2021-05-02","Northern Africa","Morocco",294,NA
"489","2021-05-03","Northern Africa","Morocco",NA,NA
